ax,ay,az,g1,g2,g3
85,29,4189,765,-620,529
67,32,4169,761,-617,523
44,44,4149,756,-608,512
-364,485,4109,1,-40,-36
-365,482,4109,1,-41,-38
-363,481,4108,1,-43,-39
-356,481,4112,0,-40,-35
-359,481,4109,0,-42,-37
-364,481,4113,0,-41,-38
-356,477,4108,1,-39,-36
-357,476,4105,1,-41,-38
-358,480,4107,0,-41,-38
-360,477,4112,1,-40,-37
-359,478,4111,1,-43,-38
-356,477,4108,1,-39,-36
-361,478,4110,0,-40,-37
-360,477,4108,0,-41,-37
-358,476,4110,2,-40,-36
-369,475,4107,0,-42,-37
-372,477,4109,1,-40,-35
-372,476,4114,0,-42,-36
-370,475,4101,1,-41,-36
-369,475,4103,0,-42,-37
-369,475,4107,0,-42,-37
-371,480,4108,1,-43,-35
-375,477,4108,-1,-41,-38
-375,478,4112,0,-40,-36
-368,488,4108,0,-40,-36
-368,488,4109,1,-39,-35
-368,482,4107,1,-39,-36
-374,486,4112,-1,-41,-36
-368,490,4108,-1,-41,-36
-368,488,4108,0,-40,-36
-376,481,4117,1,-40,-36
-374,481,4115,-1,-40,-36
-373,482,4114,-1,-41,-38
-364,492,4109,1,-40,-35
-364,491,4108,-1,-40,-37
-364,492,4109,0,-40,-35
-368,489,4108,0,-40,-36
-369,490,4108,0,-42,-38
-371,486,4109,0,-42,-39
-369,488,4106,0,-41,-38
-363,488,4109,0,-43,-35
-367,488,4108,0,-42,-38
-380,483,4109,0,-41,-38
-378,489,4111,-1,-41,-38
-369,488,4106,0,-41,-38
-373,478,4106,0,-42,-38
-377,481,4107,0,-41,-39
-378,484,4108,2,-40,-40
-375,477,4112,0,-41,-39
-371,477,4112,0,-39,-39
-374,476,4109,1,-42,-37
-375,477,4116,0,-43,-35
-379,479,4118,-1,-42,-39
-378,478,4115,-2,-40,-39
-359,480,4112,0,-39,-36
-360,482,4109,1,-42,-38
-364,480,4109,0,-43,-38
-363,477,4113,0,-40,-36
-359,475,4110,2,-43,-37
-357,478,4112,0,-42,-36
-359,481,4113,0,-39,-36
-358,482,4112,0,-41,-37
-360,481,4112,0,-39,-35
-359,476,4112,0,-40,-35
-355,476,4110,0,-40,-37
-353,477,4106,0,-41,-38
-362,483,4111,1,-41,-37
-362,478,4111,1,-42,-36
-365,479,4116,-1,-41,-38
-360,481,4108,1,-40,-35
-362,480,4106,1,-40,-36
-363,484,4108,0,-40,-36
-375,476,4108,0,-40,-35
-376,477,4111,1,-42,-38
-371,480,4112,0,-40,-37
-375,471,4106,0,-40,-36
-374,472,4106,1,-38,-36
-368,476,4104,1,-36,-36
-373,480,4108,0,-38,-36
-372,479,4107,-1,-40,-35
-371,478,4108,0,-40,-35
-371,483,4108,0,-39,-36
-368,484,4109,1,-40,-35
-370,481,4107,1,-40,-37
-376,485,4112,0,-41,-37
-376,485,4112,0,-40,-36
-375,486,4112,0,-41,-38
-372,490,4108,0,-40,-36
-368,493,4105,0,-40,-35
-369,491,4105,1,-38,-35
-371,497,4109,0,-40,-36
-377,493,4113,1,-40,-37
-376,489,4112,0,-42,-38
-377,490,4100,-1,-41,-38
-372,495,4100,0,-42,-38
-371,497,4109,0,-40,-36
-383,489,4111,0,-41,-37
-381,494,4105,1,-40,-37
-380,497,4100,0,-39,-35
-400,505,4109,1,-39,-35
-388,500,4109,1,-40,-36
-387,495,4109,0,-42,-36
-320,474,4099,8,-31,-29
-340,484,4097,13,-32,-24
-364,490,4101,10,-33,-25
-380,493,4113,0,-31,-43
-377,496,4100,6,-27,-42
-364,484,4086,2,-30,-42
-385,493,4113,2,-36,-41
-383,484,4117,1,-36,-42
-370,478,4118,-2,-36,-44
-334,506,4103,4,-36,-50
-357,512,4109,2,-37,-42
-385,493,4113,2,-36,-41
-359,452,4143,5,-49,-76
-386,478,4098,5,-44,-71
-425,495,4106,7,-35,-59
-351,408,4101,5,-44,-64
-350,414,4102,10,-46,-70
-344,433,4117,16,-47,-72
-375,444,4140,13,-28,-52
-381,408,4125,7,-33,-49
-374,368,4052,0,-41,-49
-380,471,4115,2,-47,-49
-360,452,4105,-8,-67,-60
-350,443,4088,-8,-65,-59
-404,456,4113,0,-43,-27
-393,450,4105,-5,-48,-35
-386,474,4089,0,-48,-37
-425,507,4108,-8,-49,-26
-424,485,4113,-2,-44,-28
-404,456,4113,0,-43,-27
-499,488,4061,-4,-32,-7
-495,504,4063,-4,-38,-13
-438,534,4072,-6,-48,-20
-424,544,4056,0,-24,-19
-439,525,4053,-1,-26,-14
-477,482,4058,-3,-30,-8
-362,510,4130,-2,-20,-18
-399,562,4110,-4,-18,-22
-421,574,4096,-4,-20,-24
-363,517,4116,4,-32,-44
-347,519,4128,2,-34,-44
-312,520,4141,4,-27,-39
-335,493,4125,5,-39,-44
-339,496,4121,4,-38,-44
-339,501,4117,4,-37,-45
-328,468,4113,8,-43,-40
-324,472,4116,8,-45,-43
-322,475,4127,7,-43,-44
-350,454,4105,2,-47,-42
-342,463,4107,6,-45,-42
-328,468,4113,8,-43,-40
-372,456,4108,-4,-51,-44
-361,458,4107,-4,-50,-43
-344,456,4110,-2,-50,-42
-387,448,4124,-4,-48,-40
-386,448,4125,-6,-50,-40
-384,444,4125,-4,-51,-39
-393,456,4115,-6,-54,-42
-389,453,4119,-6,-53,-41
-387,448,4124,-4,-48,-40
-390,461,4114,-4,-54,-44
-399,456,4113,-3,-52,-43
-406,453,4112,-5,-52,-43
-356,472,4109,0,-52,-56
-365,475,4112,-2,-53,-54
-372,478,4116,-2,-50,-48
-380,460,4108,4,-55,-60
-382,467,4114,1,-56,-65
-372,468,4121,0,-55,-60
-362,477,4096,1,-45,-41
-377,452,4097,4,-49,-51
-383,450,4096,3,-54,-60
-356,493,4117,1,-43,-35
-353,488,4114,-1,-42,-36
-351,488,4112,1,-39,-36
-375,508,4100,-4,-48,-36
-377,505,4110,-2,-46,-35
-378,506,4118,0,-44,-34
-388,537,4085,0,-43,-35
-383,530,4085,-2,-43,-36
-377,516,4090,-3,-46,-34
-396,540,4113,4,-40,-60
-404,551,4101,4,-41,-58
-423,553,4089,4,-39,-52
-376,476,4109,4,-43,-52
-374,480,4112,6,-43,-61
-383,500,4114,6,-43,-62
-395,505,4102,2,-39,-43
-398,501,4104,-1,-42,-43
-391,486,4103,1,-43,-51
-381,481,4116,4,-39,-45
-383,485,4109,5,-39,-43
-383,489,4103,4,-38,-44
-361,465,4113,4,-38,-43
-363,468,4116,5,-36,-40
-368,468,4116,5,-38,-43
-343,436,4120,0,-43,-40
-349,441,4121,1,-42,-40
-354,450,4121,2,-40,-41
-331,432,4120,0,-46,-34
-333,436,4116,0,-45,-36
-340,435,4119,-1,-44,-39
-332,444,4100,-3,-43,-32
-332,447,4107,-1,-45,-32
-334,444,4116,-2,-44,-32
-344,437,4113,0,-39,-31
-340,437,4102,-2,-40,-34
-334,441,4098,-3,-42,-34
-348,443,4119,0,-39,-33
-347,441,4113,-1,-40,-33
-344,437,4113,0,-39,-31
-360,471,4110,-1,-41,-31
-358,464,4117,-2,-40,-31
-351,450,4120,-1,-39,-31
-368,476,4109,0,-39,-31
-367,474,4108,0,-41,-31
-364,472,4109,0,-39,-31
-374,492,4100,2,-42,-30
-371,490,4103,0,-41,-29
-372,484,4110,0,-40,-28
-392,513,4102,0,-40,-32
-387,508,4099,1,-40,-31
-384,505,4097,1,-39,-28
-400,516,4101,1,-39,-31
-398,522,4099,2,-40,-34
-392,520,4104,0,-39,-31
-399,524,4106,2,-40,-35
-399,521,4104,1,-40,-35
-399,522,4102,0,-42,-34
-384,518,4105,4,-39,-39
-384,520,4105,5,-39,-36
-388,524,4103,5,-40,-37
-371,490,4122,4,-41,-37
-376,501,4117,3,-42,-39
-379,510,4110,4,-40,-39
-368,486,4056,1,-43,-33
-378,484,4115,1,-44,-35
-371,490,4122,4,-41,-37
-436,528,4105,-4,-47,-20
-407,487,4090,-6,-48,-24
-378,458,4100,-14,-51,-29
-422,504,4074,-4,-54,-46
-351,478,4060,-5,-54,-43
-238,490,4086,-6,-52,-32
-367,468,4105,-4,-48,-40
-361,484,4109,0,-40,-38
-388,504,4087,7,-43,-36
-362,469,4108,-1,-46,-41
-373,472,4104,0,-44,-40
-373,483,4114,2,-42,-40
-357,462,4114,0,-45,-40
-359,460,4120,1,-43,-39
-366,459,4114,0,-44,-41
-337,459,4110,1,-43,-39
-339,456,4113,4,-44,-36
-345,458,4112,2,-46,-38
-337,459,4110,0,-43,-37
-341,459,4109,0,-44,-39
-337,459,4110,1,-43,-39
-351,457,4121,1,-36,-36
-347,458,4117,0,-40,-35
-351,460,4113,0,-38,-35
-355,469,4113,0,-40,-35
-359,472,4112,0,-40,-33
-364,469,4116,0,-39,-35
-363,481,4111,1,-40,-34
-360,471,4110,0,-40,-35
-355,469,4113,0,-40,-35
-367,485,4113,4,-40,-35
-366,483,4114,2,-40,-34
-361,483,4110,1,-40,-33
-372,489,4108,1,-39,-32
-372,487,4109,1,-39,-34
-368,484,4109,1,-39,-34
-375,486,4110,0,-38,-33
-375,487,4108,1,-38,-33
-372,489,4108,1,-39,-32
-379,490,4110,0,-38,-36
-379,490,4113,2,-37,-34
-375,487,4113,1,-39,-32
-378,496,4102,3,-38,-36
-375,497,4105,5,-36,-36
-377,494,4106,3,-39,-34
-375,497,4104,5,-40,-35
-374,496,4102,2,-40,-38
-376,492,4104,1,-40,-38
-372,493,4112,5,-36,-36
-373,495,4108,3,-38,-38
-372,498,4101,3,-39,-39
-367,492,4108,1,-40,-39
-368,488,4108,2,-41,-40
-367,493,4104,2,-41,-39
-368,481,4109,1,-40,-39
-369,481,4109,1,-42,-39
-368,489,4112,0,-41,-39
-368,480,4109,1,-39,-40
-372,477,4108,-1,-41,-40
-373,477,4110,1,-39,-40
-369,476,4106,0,-39,-38
-371,479,4109,1,-40,-38
-367,482,4110,2,-42,-38
-370,473,4109,1,-40,-39
-372,473,4112,1,-39,-39
-370,477,4109,1,-41,-39
-360,477,4105,1,-40,-36
-359,477,4104,-1,-40,-38
-358,478,4105,1,-39,-38
-363,479,4109,0,-39,-38
-361,478,4106,0,-41,-37
-360,477,4105,1,-40,-36
-362,487,4111,0,-41,-38
-364,486,4110,-1,-40,-38
-367,484,4113,0,-39,-36
-366,486,4115,-1,-41,-37
-361,486,4112,0,-40,-37
-361,486,4113,0,-41,-38
-372,483,4107,-1,-42,-37
-372,484,4109,0,-43,-35
-373,484,4113,-2,-42,-37
-367,493,4105,0,-43,-35
-366,492,4105,0,-43,-37
-363,492,4104,-2,-42,-36
-367,492,4109,1,-40,-36
-369,491,4105,-2,-40,-38
-364,497,4104,0,-40,-36
-371,486,4108,2,-42,-38
-372,485,4108,0,-40,-39
-378,480,4112,-2,-40,-38
-372,485,4113,1,-40,-36
-371,487,4109,1,-42,-38
-371,483,4107,1,-42,-38
-374,480,4112,2,-41,-40
-372,485,4113,1,-40,-35
-369,483,4112,1,-42,-37
-376,490,4109,1,-39,-37
-372,489,4109,1,-43,-40
-369,492,4104,1,-43,-39
-368,493,4109,1,-39,-40
-368,492,4107,1,-42,-39
-367,488,4109,5,-39,-36
-372,485,4117,1,-42,-39
-371,484,4117,1,-40,-39
-374,487,4118,2,-40,-40
-368,481,4104,0,-39,-36
-368,480,4106,0,-42,-38
-371,481,4110,0,-42,-38
-370,481,4107,0,-42,-39
-374,477,4108,0,-41,-39
-368,478,4106,0,-40,-39
-367,477,4104,0,-40,-39
-371,476,4103,0,-42,-39
-368,476,4105,1,-40,-36
-367,485,4117,0,-39,-36
-368,480,4112,-2,-42,-38
-364,481,4112,0,-40,-36
-361,486,4112,0,-44,-36
-363,483,4111,0,-44,-38
-364,482,4112,0,-44,-38
-360,488,4112,1,-39,-35
-362,488,4110,1,-42,-37
-361,484,4112,1,-43,-36
-370,487,4113,-2,-42,-37
-368,489,4117,1,-40,-36
-367,489,4113,-1,-41,-36
-372,485,4109,1,-43,-39
-375,481,4111,0,-41,-38
-377,480,4111,0,-43,-37
-378,484,4114,0,-42,-38
-376,484,4113,1,-43,-39
-372,485,4109,1,-43,-39
-367,480,4108,1,-40,-36
-370,481,4110,0,-40,-38
-367,484,4107,0,-41,-37
-367,484,4114,0,-41,-38
-366,482,4112,1,-40,-39
-367,480,4108,1,-40,-36
-364,485,4109,4,-39,-35
-366,481,4109,2,-41,-37
-368,481,4112,4,-39,-36
-366,480,4111,2,-41,-37
-367,480,4113,1,-41,-38
-367,480,4112,0,-40,-35
-367,481,4109,5,-39,-35
-369,481,4111,1,-41,-37
-366,484,4111,2,-41,-37
-359,484,4108,1,-40,-35
-363,482,4109,1,-40,-37
-367,484,4112,0,-39,-36
-366,479,4107,0,-42,-38
-369,477,4106,1,-40,-37
-368,481,4107,1,-38,-36
-364,480,4110,-1,-40,-38
-364,480,4112,0,-40,-35
-368,480,4111,0,-40,-37
-365,484,4111,1,-42,-38
-368,483,4114,0,-41,-38
-366,481,4113,1,-39,-36
-374,482,4110,2,-42,-36
-371,481,4108,0,-41,-37
-370,480,4108,2,-40,-36
-369,490,4109,0,-41,-37
-368,489,4108,1,-39,-36
-369,486,4108,2,-40,-36
-375,483,4112,0,-41,-39
-376,485,4113,4,-40,-35
-375,483,4113,2,-40,-37
-375,484,4116,1,-39,-35
-375,481,4113,0,-40,-38
-372,481,4113,1,-40,-36
-376,486,4115,3,-41,-38
-373,486,4113,3,-40,-37
-375,484,4116,1,-39,-35
-372,481,4105,0,-41,-39
-374,482,4110,0,-42,-37
-371,484,4112,2,-40,-36
-364,485,4109,1,-40,-40
-368,481,4109,0,-40,-40
-370,482,4110,1,-40,-38
-373,484,4112,0,-40,-38
-371,483,4111,0,-41,-38
-370,482,4110,2,-40,-38
-371,485,4112,4,-39,-36
-372,481,4111,0,-42,-38
-369,485,4109,-1,-40,-37
-372,484,4113,0,-39,-35
-377,482,4112,0,-41,-36
-376,483,4114,0,-40,-37
-367,484,4110,1,-41,-39
-368,485,4111,0,-41,-37
-372,484,4113,0,-39,-35
-371,484,4113,1,-40,-36
-367,483,4110,1,-39,-38
-366,481,4109,1,-39,-38
-363,485,4109,4,-39,-36
-364,484,4108,2,-40,-38
-369,481,4108,2,-39,-37
-367,481,4107,1,-41,-37
-366,483,4110,2,-41,-37
-363,485,4109,4,-39,-36
-361,480,4107,1,-41,-36
-360,481,4104,1,-39,-36
-363,480,4105,0,-40,-38
-364,481,4112,0,-39,-36
-366,481,4111,0,-41,-38
-364,481,4113,0,-40,-36
-371,477,4112,0,-36,-35
-369,479,4109,1,-38,-37
-368,476,4105,1,-39,-38
-365,479,4104,1,-41,-36
-371,475,4104,1,-40,-37
-371,475,4109,1,-38,-37
-367,482,4108,1,-39,-38
-364,484,4108,0,-40,-36
-363,483,4106,0,-40,-36
-379,483,4123,1,-37,-38
-375,484,4117,1,-35,-36
-368,485,4113,-1,-37,-38
-375,480,4116,0,-41,-35
-376,481,4116,-1,-41,-36
-379,480,4120,-2,-40,-36
-379,488,4113,1,-40,-35
-373,483,4113,0,-42,-37
-373,480,4112,0,-42,-36
-363,477,4109,1,-39,-36
-369,477,4107,1,-41,-36
-374,480,4106,2,-41,-36
-355,472,4105,-4,-32,-28
-360,466,4101,-2,-35,-31
-369,464,4097,-1,-37,-33
-384,503,4119,-6,-33,-27
-368,481,4113,-5,-32,-28
-355,472,4105,-4,-32,-28
-375,495,4113,0,-35,-35
-384,512,4120,-2,-34,-32
-387,521,4124,-3,-35,-27
-367,480,4089,4,-39,-36
-371,482,4092,2,-38,-38
-384,492,4128,4,-36,-39
-376,476,4090,-4,-50,-40
-385,482,4103,-1,-43,-39
-400,498,4132,2,-36,-38
-404,485,4153,-8,-28,-44
-380,515,4167,2,-21,-42
-305,460,3995,4,-34,-39
-383,485,4104,4,-48,-43
-393,488,4127,4,-42,-44
-379,472,4136,-3,-47,-47
-376,482,4075,0,-49,-44
-372,491,4078,1,-52,-46
-383,485,4104,4,-48,-43
-386,483,4107,0,-46,-41
-386,482,4124,0,-43,-41
-390,479,4109,1,-43,-42
-367,492,4076,0,-39,-35
-373,486,4077,1,-40,-36
-379,480,4073,4,-43,-36
-382,480,4130,-1,-34,-37
-377,483,4113,-5,-34,-39
-370,485,4084,-3,-39,-37
-377,486,4112,2,-44,-35
-383,485,4116,3,-45,-36
-384,488,4118,2,-44,-36
-363,492,4100,4,-40,-36
-363,492,4090,1,-42,-38
-368,489,4079,2,-44,-38
-377,480,4111,1,-41,-40
-376,481,4117,0,-40,-39
-374,483,4113,0,-39,-39
-375,477,4104,5,-43,-35
-375,479,4104,3,-41,-37
-382,480,4110,2,-40,-38
-372,477,4104,0,-40,-36
-374,472,4100,1,-41,-38
-375,472,4100,4,-40,-39
-360,462,4096,0,-41,-38
-360,468,4102,0,-44,-38
-363,476,4106,2,-42,-38
-375,464,4133,-3,-47,-36
-385,471,4125,-2,-44,-37
-391,484,4120,1,-39,-36
-378,484,4072,-2,-47,-37
-385,468,4103,-2,-48,-37
-375,464,4133,-3,-47,-36
-384,484,4121,1,-43,-31
-379,472,4118,-2,-44,-34
-367,474,4111,-6,-48,-38
-363,480,4106,-4,-46,-34
-371,477,4099,-4,-47,-36
-378,482,4098,-4,-48,-36
-376,473,4105,1,-43,-35
-374,477,4108,-1,-45,-35
-369,481,4110,0,-42,-35
-364,485,4112,0,-43,-35
-367,479,4107,-1,-44,-36
-373,474,4101,-1,-44,-36
-376,476,4120,0,-44,-36
-373,478,4122,0,-44,-37
-374,478,4122,0,-43,-37
-359,485,4116,0,-47,-36
-360,484,4113,1,-47,-37
-365,481,4112,1,-46,-37
-363,476,4108,1,-47,-36
-368,479,4110,1,-47,-36
-367,480,4115,1,-46,-37
-375,481,4097,1,-43,-36
-372,480,4099,1,-45,-36
-365,479,4107,2,-46,-37
-378,480,4097,-3,-44,-38
-374,479,4102,-3,-43,-36
-376,481,4103,-1,-43,-36
-381,490,4128,-2,-39,-37
-379,490,4124,-3,-38,-36
-380,491,4108,-2,-39,-35
-376,492,4105,2,-45,-37
-379,496,4108,1,-44,-36
-379,497,4111,1,-44,-36
-372,488,4100,1,-39,-36
-372,493,4099,1,-42,-39
-373,492,4100,2,-42,-38
-371,489,4112,1,-36,-36
-370,489,4105,1,-38,-38
-372,489,4104,0,-39,-35
-376,481,4120,1,-39,-39
-374,481,4116,-1,-40,-40
-371,484,4116,0,-40,-40
-371,477,4113,0,-44,-39
-374,475,4113,0,-43,-39
-373,476,4116,0,-42,-38
-373,476,4113,2,-44,-37
-367,480,4116,0,-43,-36
-369,477,4112,0,-43,-38
-370,474,4099,0,-42,-38
-371,472,4100,4,-40,-36
-369,474,4107,1,-43,-39
-372,472,4105,0,-40,-36
-371,473,4108,0,-40,-38
-366,476,4108,0,-40,-38
-368,482,4102,0,-36,-34
-365,475,4095,0,-41,-36
-362,472,4092,0,-42,-37
-379,485,4116,-3,-44,-36
-380,486,4122,-3,-44,-36
-383,489,4125,-4,-40,-36
-363,484,4098,0,-42,-34
-365,485,4098,-1,-42,-34
-367,480,4098,0,-40,-32
-368,478,4115,0,-41,-36
-364,485,4125,1,-39,-36
-369,484,4122,-2,-41,-38
-360,473,4104,0,-40,-35
-362,476,4102,1,-40,-37
-360,485,4106,2,-40,-36
-357,462,4119,-2,-38,-30
-360,465,4111,0,-40,-35
-360,473,4104,0,-40,-35
-367,505,4105,1,-36,-24
-363,498,4102,-1,-36,-25
-356,480,4108,-3,-37,-24
-374,476,4110,0,-38,-36
-375,483,4110,0,-38,-37
-378,490,4112,2,-36,-38
-375,480,4105,4,-40,-35
-381,478,4106,2,-38,-37
-377,472,4107,2,-38,-36
-392,490,4110,0,-37,-38
-384,485,4112,0,-39,-38
-372,482,4112,0,-40,-38
-395,497,4112,-4,-44,-35
-400,493,4113,-2,-44,-37
-397,492,4110,0,-40,-38
-392,509,4112,0,-47,-39
-389,508,4104,-3,-45,-38
-385,501,4101,-3,-45,-37
-248,512,4128,0,-48,-39
-340,513,4112,-2,-47,-37
-395,512,4110,-2,-46,-36
-379,473,4072,-4,-52,-32
-383,468,4099,-3,-54,-34
-455,528,4093,4,-52,-40
-387,545,4081,-4,-48,-44
-394,532,4080,-1,-45,-43
-390,502,4086,4,-42,-40
-491,580,4105,-5,-66,-53
-463,569,4140,-8,-51,-43
-374,524,4147,-8,-51,-43
-295,641,4073,8,-64,-72
-283,640,4060,11,-76,-71
-314,549,4099,5,-77,-60
-283,468,4161,-3,-96,-103
-277,429,4154,-5,-90,-91
-295,436,4162,3,-70,-74
-369,388,4093,7,-82,-74
-392,372,4093,6,-89,-80
-386,389,4082,5,-100,-86
-306,412,4063,6,-65,-69
-331,372,4089,7,-74,-68
-369,388,4093,7,-82,-74
-367,312,4181,-12,-40,36
-377,282,4153,-10,-38,13
-347,265,4130,-5,-43,-8
-321,490,4148,-6,-48,31
-338,384,4165,-13,-43,36
-367,312,4181,-12,-40,36
-312,496,4065,13,-48,-8
-314,511,4051,2,-55,4
-320,524,4091,0,-50,21
-332,405,4110,2,-37,-20
-323,417,4061,4,-39,-24
-326,428,4079,6,-44,-23
-310,450,4103,1,-35,-14
-315,417,4116,1,-36,-15
-332,405,4110,2,-37,-20
-343,505,4088,-12,-28,-11
-329,492,4085,-11,-31,-10
-314,474,4073,-6,-34,-11
-372,541,4084,-4,-24,-20
-367,544,4082,-5,-24,-19
-369,543,4105,-5,-21,-15
-392,563,4099,-7,-26,-35
-386,547,4098,-7,-24,-28
-372,541,4084,-4,-24,-20
-395,554,4122,-4,-32,-44
-391,575,4102,-2,-32,-43
-392,584,4104,0,-30,-42
-422,563,4089,-2,-42,-50
-408,536,4100,1,-43,-48
-419,539,4095,-3,-41,-51
-403,560,4081,-3,-39,-52
-405,571,4086,-4,-39,-53
-414,559,4093,-3,-40,-51
-396,565,4109,4,-44,-59
-386,575,4103,4,-43,-58
-389,570,4094,1,-41,-55
-407,540,4101,-4,-40,-71
-415,549,4101,-2,-41,-72
-417,556,4104,0,-43,-69
-391,513,4106,-1,-44,-67
-408,517,4097,-4,-44,-71
-407,525,4100,-4,-43,-72
-322,457,4118,1,-51,-71
-339,464,4116,1,-47,-67
-349,472,4110,1,-48,-68
-312,436,4116,17,-67,-83
-315,445,4124,16,-62,-81
-324,454,4126,14,-64,-80
-296,436,4120,8,-55,-92
-295,428,4120,10,-60,-90
-299,414,4124,14,-66,-86
-271,414,4128,7,-57,-106
-262,413,4124,6,-55,-100
-255,408,4129,9,-55,-96
-359,449,4173,32,-83,-104
-288,446,4141,27,-80,-106
-214,402,4115,18,-68,-106
-476,392,4076,4,-67,-87
-451,418,4087,5,-69,-102
-380,472,4094,6,-68,-114
-420,436,4092,0,-35,-39
-464,413,4067,1,-41,-48
-500,385,4037,4,-51,-67
-368,505,4124,-3,-40,-28
-365,503,4129,-3,-37,-27
-360,486,4126,-4,-33,-25
-379,516,4097,2,-41,-29
-377,512,4099,2,-42,-31
-369,508,4104,0,-40,-30
-381,513,4101,0,-38,-29
-378,516,4103,-1,-40,-29
-379,516,4097,2,-41,-29
-368,519,4094,0,-22,-25
-359,521,4104,1,-24,-24
-367,516,4097,-1,-26,-23
-355,559,4131,-1,-22,-27
-344,544,4140,0,-16,-28
-314,492,4133,-2,-16,-28
-468,472,4145,4,-44,-39
-399,481,4112,2,-43,-40
-358,480,4100,2,-42,-41
-352,485,4104,9,-32,-32
-387,485,4093,8,-35,-41
-368,467,4058,6,-45,-42
-351,468,4128,9,-36,-39
-341,452,4119,1,-43,-41
-336,436,4100,-1,-48,-41
-345,446,4110,1,-42,-38
-343,445,4116,-3,-47,-39
-346,449,4110,-2,-46,-41
-343,452,4117,1,-47,-36
-349,453,4122,-1,-44,-36
-363,454,4124,0,-42,-36
-348,464,4108,0,-48,-35
-353,464,4108,0,-47,-36
-352,461,4116,0,-47,-36
-352,485,4113,4,-24,-35
-328,471,4080,1,-34,-36
-307,454,4053,0,-44,-35
-343,477,4124,1,-35,-32
-342,471,4126,-3,-42,-37
-356,472,4126,-2,-36,-36
-342,490,4080,1,-39,-35
-359,492,4100,5,-39,-35
-354,486,4114,2,-37,-34
-379,496,4124,1,-40,-32
-396,509,4158,2,-37,-33
-386,504,4142,3,-26,-32
-368,512,4089,8,-39,-32
-369,510,4090,6,-40,-31
-353,500,4092,6,-40,-30
-356,497,4085,14,-25,-31
-320,488,4113,5,-39,-32
-342,498,4105,5,-39,-32
-357,489,4089,1,-45,-38
-367,492,4085,-4,-51,-36
-394,513,4103,2,-40,-36
-367,501,4104,1,-43,-39
-386,510,4104,0,-43,-40
-403,522,4110,8,-32,-38
-387,500,4109,4,-35,-39
-382,496,4109,4,-38,-39
-367,489,4109,4,-39,-40
-372,493,4116,5,-36,-40
-358,487,4108,2,-39,-40
-352,485,4101,0,-40,-40
-359,492,4105,-3,-51,-39
-371,492,4110,-2,-50,-41
-388,484,4116,0,-47,-39
-332,473,4090,2,-44,-40
-341,478,4090,0,-48,-40
-359,492,4105,-3,-51,-39
-336,469,4119,3,-39,-39
-336,469,4113,4,-39,-40
-348,474,4115,0,-37,-42
-331,468,4122,2,-41,-40
-332,468,4119,1,-41,-40
-337,474,4118,2,-38,-38
-331,457,4105,1,-44,-35
-335,462,4110,0,-42,-38
-337,465,4118,2,-41,-39
-340,462,4130,2,-40,-36
-338,466,4129,3,-38,-37
-329,462,4126,2,-42,-36
-348,451,4102,4,-43,-34
-340,449,4113,4,-40,-32
-340,452,4122,2,-41,-35
-354,455,4112,0,-40,-34
-343,453,4108,1,-43,-32
-346,455,4097,2,-43,-33
-362,474,4101,2,-41,-33
-363,466,4107,2,-39,-33
-363,464,4115,2,-38,-33
-367,488,4105,-3,-44,-31
-377,483,4113,0,-41,-32
-375,484,4120,0,-40,-32
-371,496,4100,-1,-41,-33
-375,495,4101,-3,-43,-33
-372,490,4102,-2,-42,-32
-381,510,4110,1,-40,-34
-375,508,4108,1,-36,-32
-369,504,4100,1,-39,-34
-374,516,4099,1,-40,-40
-372,514,4100,2,-38,-37
-369,508,4092,2,-40,-34
-361,511,4093,3,-37,-37
-372,514,4093,1,-39,-39
-374,516,4099,1,-40,-40
-380,480,4068,1,-31,-39
-389,489,4069,-1,-33,-39
-390,503,4087,4,-30,-39
-332,497,4108,2,-41,-38
-330,526,4144,-4,-31,-33
-351,537,4152,-1,-20,-29
-332,473,4113,1,-31,-39
-332,473,4102,1,-38,-41
-330,487,4096,4,-35,-40
-323,432,4132,-1,-35,-32
-335,460,4121,1,-33,-38
-332,473,4113,1,-31,-39
-344,449,4100,-10,-33,1
-307,421,4109,-11,-39,-6
-300,411,4128,-8,-41,-20
-399,511,4112,-5,-36,-21
-403,521,4112,-8,-31,-11
-398,514,4110,-8,-32,-8
-362,457,4110,-1,-43,-36
-386,470,4108,-1,-41,-34
-399,511,4112,-5,-36,-21
-359,466,4112,-2,-44,-34
-363,467,4116,-1,-43,-36
-364,466,4108,0,-42,-36
-358,473,4102,0,-42,-37
-359,469,4104,0,-40,-35
-359,467,4107,0,-45,-37
-358,484,4110,-3,-44,-35
-356,476,4102,-2,-42,-36
-358,473,4102,0,-42,-37
-351,488,4108,0,-39,-35
-351,484,4107,0,-42,-35
-353,483,4107,0,-44,-35
-356,497,4100,-3,-43,-35
-358,498,4101,-1,-41,-36
-359,500,4102,-1,-40,-35
-359,508,4105,1,-40,-36
-359,504,4103,-1,-42,-36
-359,504,4100,1,-43,-36
-359,506,4102,0,-42,-36
-357,503,4102,0,-43,-37
-361,506,4102,0,-44,-38
-375,505,4089,0,-39,-39
-373,501,4093,-3,-43,-40
-372,501,4106,-3,-44,-40
-376,500,4093,-2,-40,-42
-382,507,4092,0,-41,-40
-375,505,4089,0,-39,-39
-369,497,4106,0,-37,-41
-367,497,4100,-2,-39,-42
-376,500,4093,-2,-40,-42
-354,477,4088,1,-30,-42
-359,484,4093,4,-32,-39
-360,482,4098,2,-33,-42
-327,457,4101,9,-16,-39
-332,458,4088,6,-21,-40
-343,464,4085,2,-27,-41
-373,437,4094,12,-5,-41
-349,448,4116,10,-6,-41
-324,463,4115,11,-11,-42
-209,334,3832,-8,-34,-42
-381,534,4247,-5,9,-38
-364,513,4165,4,5,-35
-316,476,4236,-7,-31,-36
-404,537,4212,-26,-13,-37
-503,595,4150,33,103,-19
-410,494,4105,2,-35,-36
-419,520,4137,9,-20,-31
-421,522,4141,28,-3,-31
-404,495,4122,-2,-42,-38
-404,492,4116,1,-36,-35
-383,492,4102,0,-39,-35
-395,507,4101,-2,-42,-39
-379,505,4096,0,-43,-35
-377,502,4088,0,-42,-37
-391,512,4109,-3,-48,-40
-395,510,4105,-3,-47,-40
-401,506,4110,-2,-45,-39
-381,502,4101,-4,-49,-41
-386,510,4108,-3,-49,-40
-391,512,4109,-3,-48,-40
-378,499,4121,-2,-48,-42
-379,501,4113,0,-48,-43
-373,496,4103,-3,-48,-43
-375,484,4109,0,-52,-40
-375,484,4116,-2,-54,-43
-375,483,4125,-3,-53,-42
-359,481,4124,0,-52,-40
-353,481,4118,-4,-56,-42
-351,482,4107,-4,-58,-43
-358,482,4130,-2,-61,-42
-369,480,4128,0,-56,-43
-359,481,4124,0,-52,-40
-350,460,4092,4,-70,-46
-341,463,4118,0,-72,-46
-340,470,4130,-2,-71,-45
-535,540,4228,12,-48,-40
-327,397,4056,11,-54,-43
-344,432,4041,6,-67,-46
-195,361,4012,-16,-159,-24
-250,401,4137,-38,-152,-39
-407,522,4242,-58,-144,-52
-351,449,4076,-27,-67,-40
-403,471,3984,14,-42,-43
-392,448,3889,53,-51,-27
-425,500,4184,6,-30,-35
-369,485,4149,8,-24,-33
-313,440,4080,-4,-38,-38
-364,480,4104,1,-35,-35
-330,469,4092,2,-40,-32
-308,464,4077,-1,-52,-32
-359,483,4090,-1,-41,-33
-360,493,4089,4,-40,-32
-364,493,4094,3,-41,-32
-379,505,4120,0,-37,-33
-371,497,4104,0,-39,-32
-363,488,4096,-2,-39,-34
-364,505,4085,5,-39,-32
-366,498,4083,3,-45,-33
-369,494,4100,0,-47,-35
-376,489,4113,0,-40,-36
-374,493,4102,0,-39,-38
-371,502,4091,2,-39,-35
-379,501,4097,1,-44,-39
-388,503,4105,1,-41,-36
-393,500,4123,2,-41,-36
-381,498,4104,2,-38,-38
-375,496,4096,1,-39,-37
-366,494,4088,0,-44,-38
-374,488,4110,0,-40,-39
-380,492,4113,1,-40,-40
-382,495,4111,0,-39,-39
-366,484,4100,6,-28,-36
-350,481,4071,1,-35,-38
-361,494,4058,0,-36,-38
-348,481,4093,1,-43,-36
-364,484,4117,-1,-43,-36
-401,498,4140,-1,-35,-37
-369,486,4083,3,-32,-35
-353,483,4083,5,-35,-36
-348,481,4093,1,-43,-36
-365,490,4130,2,-38,-38
-356,480,4130,-1,-37,-37
-351,474,4122,-6,-36,-36
-352,470,4102,-1,-50,-39
-368,485,4119,1,-42,-39
-365,490,4130,2,-38,-38
-370,460,4117,-1,-42,-40
-364,472,4112,0,-39,-39
-357,469,4104,0,-42,-40
-344,464,4104,2,-40,-36
-350,463,4103,1,-43,-39
-356,462,4108,2,-44,-38
-339,465,4120,1,-40,-36
-337,462,4111,-1,-40,-38
-338,466,4103,0,-40,-37
-340,469,4100,0,-44,-35
-346,467,4111,0,-44,-37
-353,467,4123,1,-44,-37
-343,465,4107,-1,-40,-35
-339,467,4098,-1,-41,-36
-341,466,4095,0,-43,-37
-356,474,4114,0,-40,-35
-352,473,4117,1,-39,-35
-353,469,4115,-1,-39,-37
-363,479,4112,-1,-46,-34
-368,480,4117,0,-43,-35
-372,482,4116,3,-43,-35
-355,484,4104,0,-43,-35
-361,487,4104,1,-42,-35
-363,486,4106,0,-42,-34
-379,493,4112,1,-39,-35
-372,487,4112,1,-40,-35
-360,484,4108,0,-39,-36
-380,493,4104,1,-39,-35
-377,490,4105,0,-41,-35
-373,489,4110,-1,-41,-37
-372,497,4104,0,-40,-35
-372,496,4104,0,-42,-37
-379,497,4102,0,-41,-35
-378,499,4107,1,-40,-39
-376,499,4103,0,-40,-37
-372,497,4104,0,-40,-35
-369,502,4100,2,-41,-39
-367,501,4100,2,-42,-40
-367,498,4100,0,-42,-38
-359,501,4109,0,-39,-40
-362,501,4104,0,-40,-39
-368,503,4102,1,-41,-39
-362,498,4106,2,-40,-38
-362,501,4104,1,-42,-40
-363,500,4104,0,-42,-38
-363,489,4113,0,-43,-41
-361,492,4109,-1,-43,-40
-359,496,4105,0,-43,-40
-351,480,4109,1,-40,-39
-354,482,4109,0,-42,-41
-352,481,4108,1,-43,-40
-365,472,4114,0,-42,-40
-364,474,4114,0,-41,-41
-358,478,4114,0,-40,-40
-353,470,4110,0,-43,-39
-356,477,4108,0,-44,-39
-360,474,4109,2,-42,-39
-356,469,4108,0,-40,-36
-357,470,4109,1,-40,-38
-356,469,4111,1,-40,-39
-353,472,4107,0,-40,-36
-352,468,4106,0,-41,-36
-352,467,4105,0,-41,-37
-343,469,4108,0,-40,-35
-348,470,4109,0,-41,-37
-350,467,4110,0,-40,-36
-351,479,4110,0,-41,-35
-348,473,4112,1,-40,-36
-347,471,4108,1,-39,-36
-360,492,4113,1,-39,-36
-360,487,4113,2,-42,-37
-356,482,4109,0,-41,-37
-367,490,4109,1,-41,-36
-365,487,4114,0,-41,-37
-358,490,4110,-1,-42,-37
-370,496,4101,1,-41,-38
-367,496,4105,0,-39,-36
-369,493,4103,0,-41,-37
-371,490,4108,2,-40,-36
-374,489,4107,0,-40,-38
-371,494,4104,0,-39,-37
-371,500,4105,0,-40,-36
-370,497,4103,0,-42,-38
-372,493,4104,0,-41,-37
-367,492,4105,1,-40,-35
-370,492,4102,-1,-40,-37
-368,495,4101,0,-41,-37
-356,494,4108,2,-44,-40
-358,494,4108,1,-43,-40
-362,494,4106,0,-40,-36
-356,489,4109,1,-39,-40
-359,492,4108,1,-41,-40
-356,492,4109,0,-39,-40
-355,484,4114,0,-40,-39
-356,484,4112,0,-40,-40
-358,484,4112,0,-42,-40
-352,477,4113,1,-39,-40
-357,478,4113,0,-41,-39
-360,481,4117,0,-40,-39
-351,472,4109,1,-40,-40
-354,475,4111,1,-41,-39
-356,477,4110,1,-42,-39
-351,469,4108,0,-40,-39
-351,467,4107,0,-40,-39
-348,467,4110,1,-41,-38
-356,474,4109,2,-40,-37
-352,469,4109,1,-39,-39
-351,469,4108,0,-40,-39
-352,472,4109,1,-43,-36
-351,470,4105,1,-41,-37
-349,468,4106,2,-41,-37
-355,477,4104,0,-39,-35
-354,475,4101,0,-41,-37
-354,474,4104,0,-40,-36
-348,473,4101,0,-39,-35
-354,477,4102,0,-40,-36
-352,480,4105,0,-39,-36
-365,487,4118,2,-35,-36
-360,485,4113,5,-35,-35
-355,482,4106,3,-36,-36
-364,492,4100,1,-40,-35
-362,491,4106,2,-40,-37
-367,489,4113,5,-40,-36
-361,491,4103,0,-39,-35
-363,489,4099,0,-38,-36
-364,492,4100,1,-40,-35
-376,493,4120,1,-38,-37
-368,493,4108,0,-39,-37
-361,491,4103,0,-39,-35
-367,489,4113,1,-44,-35
-373,487,4117,1,-42,-37
-375,488,4125,0,-39,-36
-365,492,4100,2,-42,-38
-368,491,4099,1,-43,-38
-367,492,4098,0,-44,-36
-367,492,4108,0,-41,-38
-368,489,4109,1,-40,-36
-366,491,4108,1,-41,-37
-379,496,4122,2,-40,-40
-371,491,4113,2,-41,-39
-366,494,4106,0,-40,-38
-348,481,4093,-3,-47,-39
-361,485,4105,-2,-47,-39
-380,497,4123,0,-45,-39
-371,484,4113,1,-39,-40
-375,488,4110,2,-38,-41
-371,493,4100,5,-35,-39
-367,481,4113,0,-44,-39
-373,483,4123,1,-41,-41
-372,485,4128,1,-40,-39
-358,480,4105,-1,-44,-41
-359,477,4101,0,-45,-41
-367,481,4113,0,-44,-39
-355,471,4112,-1,-44,-38
-367,484,4118,0,-42,-39
-367,485,4117,0,-40,-40
-355,477,4104,1,-40,-39
-358,477,4108,1,-41,-39
-355,477,4113,4,-40,-39
-357,476,4110,0,-42,-38
-353,471,4108,0,-43,-38
-355,471,4103,0,-43,-37
-357,477,4113,0,-41,-39
-353,476,4109,1,-42,-37
-359,477,4111,2,-42,-37
-351,469,4100,1,-39,-35
-354,472,4103,1,-40,-37
-356,476,4104,1,-40,-35
-364,484,4114,0,-36,-34
-361,481,4109,0,-36,-35
-359,478,4108,0,-36,-36
-372,481,4121,1,-38,-35
-368,482,4122,-1,-37,-37
-368,489,4124,1,-35,-35
-356,489,4109,1,-39,-35
-367,487,4111,-2,-42,-36
-375,485,4120,0,-40,-36
-376,492,4114,0,-42,-38
-378,493,4116,0,-39,-37
-368,492,4114,2,-38,-36
-368,496,4104,1,-40,-35
-373,498,4109,0,-41,-36
-366,495,4111,1,-41,-35
-348,485,4099,1,-41,-38
-357,487,4097,-1,-43,-39
-364,492,4100,0,-43,-38
-360,481,4120,4,-39,-36
-365,482,4126,2,-38,-40
-368,477,4121,1,-37,-39
-320,404,4010,2,-29,-37
-326,424,4038,1,-37,-38
-346,458,4094,2,-38,-38
-331,473,4072,9,-44,-27
-382,485,4168,-3,-35,-28
-434,477,4251,-16,-13,-37
-377,458,4138,-6,-42,-38
-387,464,4127,-6,-38,-40
-350,492,4086,10,-34,-34
-358,474,4076,-2,-48,-36
-370,483,4085,4,-42,-35
-372,482,4120,6,-39,-34
-361,495,4112,0,-43,-31
-376,493,4100,1,-36,-35
-380,482,4103,1,-39,-35
-376,490,4107,-1,-43,-34
-375,488,4111,0,-40,-34
-361,495,4112,0,-43,-31
-367,504,4109,1,-39,-36
-371,500,4101,-1,-44,-38
-379,506,4099,1,-42,-36
-388,508,4108,0,-48,-36
-394,508,4115,0,-47,-36
-396,504,4114,-1,-41,-38
-361,505,4080,2,-43,-38
-377,500,4093,1,-46,-36
-388,508,4108,0,-48,-36
-395,500,4117,4,-35,-39
-387,497,4115,1,-35,-39
-380,494,4103,-1,-36,-41
-375,488,4101,0,-40,-40
-372,495,4101,0,-43,-40
-381,497,4101,0,-44,-40
-371,486,4109,0,-41,-39
-372,486,4105,0,-43,-42
-375,488,4101,0,-40,-40
-369,476,4114,0,-42,-42
-371,477,4116,-1,-43,-42
-372,478,4114,0,-42,-42
-358,475,4105,1,-43,-40
-356,472,4101,0,-44,-40
-355,470,4099,1,-46,-41
-344,469,4109,4,-40,-39
-347,467,4110,1,-42,-39
-351,469,4109,0,-43,-39
-352,462,4112,2,-43,-40
-346,463,4110,2,-42,-39
-344,469,4109,4,-40,-39
-345,462,4115,1,-43,-38
-343,461,4112,1,-44,-39
-348,462,4111,2,-44,-39
-338,465,4108,1,-42,-38
-340,460,4112,1,-44,-36
-347,457,4117,1,-44,-38
-355,469,4116,1,-40,-36
-352,465,4116,-1,-40,-36
-344,462,4111,0,-43,-37
-352,472,4105,1,-42,-34
-356,471,4109,0,-41,-36
-355,470,4115,0,-41,-38
-363,481,4109,0,-40,-32
-364,476,4111,0,-41,-35
-356,477,4108,0,-40,-35
-368,484,4112,0,-44,-35
-369,479,4111,0,-43,-35
-368,480,4113,0,-41,-34
-374,487,4110,0,-43,-34
-371,488,4112,0,-43,-32
-374,483,4113,0,-42,-34
-375,493,4105,0,-43,-35
-374,494,4104,0,-43,-35
-373,492,4108,0,-43,-35
-376,495,4107,1,-41,-37
-376,497,4102,0,-40,-36
-375,494,4102,1,-42,-35
-367,501,4101,0,-40,-36
-368,499,4102,1,-43,-37
-368,496,4105,1,-43,-35
-368,498,4096,0,-39,-38
-369,499,4095,0,-39,-38
-365,500,4096,2,-40,-38
-372,493,4120,0,-39,-39
-367,496,4116,0,-39,-39
-364,500,4109,0,-39,-40
-365,487,4111,0,-41,-40
-364,492,4113,0,-40,-39
-359,488,4109,0,-41,-40
-363,481,4108,0,-43,-39
-369,480,4110,1,-43,-40
-372,485,4119,1,-42,-41
-360,473,4105,1,-43,-39
-363,474,4107,1,-43,-39
-366,477,4109,2,-42,-40
-356,468,4106,0,-39,-39
-359,469,4108,4,-39,-35
-360,472,4105,2,-40,-37
-365,471,4108,2,-40,-38
-361,473,4119,1,-39,-38
-359,468,4113,1,-39,-36
-351,480,4108,4,-39,-35
-351,476,4108,1,-38,-36
-357,474,4110,0,-39,-37
-353,477,4110,1,-37,-36
-349,475,4108,0,-37,-36
-352,477,4105,0,-38,-37
-359,480,4113,0,-40,-35
-357,478,4113,0,-40,-37
-360,478,4114,-1,-40,-37
-373,490,4122,0,-40,-36
-369,488,4118,1,-41,-36
-365,486,4114,2,-40,-36
-373,486,4111,-1,-40,-37
-372,488,4113,1,-40,-35
-374,486,4112,1,-40,-38
-373,489,4108,0,-39,-36
-372,485,4110,-1,-40,-37
-373,486,4111,-1,-40,-37
-386,488,4114,4,-39,-38
-384,487,4112,3,-39,-39
-375,490,4106,2,-38,-38
-366,490,4101,0,-43,-40
-367,492,4105,1,-43,-39
-375,488,4107,1,-42,-38
-366,488,4106,1,-41,-39
-368,489,4104,0,-41,-40
-366,490,4101,0,-43,-40
-364,481,4120,0,-44,-39
-369,479,4118,0,-43,-41
-368,481,4121,1,-39,-40
-364,480,4107,0,-44,-39
-368,479,4115,0,-44,-39
-364,481,4120,0,-44,-39
-356,480,4112,1,-40,-36
-360,480,4112,0,-43,-39
-362,480,4111,1,-43,-38
-364,480,4113,5,-44,-36
-363,481,4116,1,-43,-38
-361,483,4118,1,-43,-38
-368,496,4112,4,-44,-36
-359,490,4111,2,-44,-37
-360,483,4113,3,-42,-36
-346,465,4107,0,-44,-35
-373,479,4114,2,-44,-35
-368,496,4112,4,-44,-36
-368,473,4121,1,-43,-36
-373,478,4119,0,-43,-38
-366,475,4110,2,-40,-38
-368,480,4108,4,-48,-35
-368,478,4114,1,-48,-36
-361,472,4122,0,-46,-36
-368,484,4105,0,-43,-36
-360,487,4099,0,-44,-36
-358,482,4096,0,-46,-36
-368,484,4112,0,-44,-36
-372,484,4113,0,-43,-37
-368,487,4108,0,-41,-36
-365,500,4114,1,-43,-37
-357,496,4102,1,-43,-36
-365,488,4106,0,-44,-37
-367,492,4129,4,-47,-36
-374,489,4125,4,-46,-37
-376,492,4129,5,-44,-36
-355,492,4129,9,-55,-36
-355,501,4130,7,-55,-37
-364,505,4131,7,-52,-37
-347,485,4060,9,-55,-35
-359,473,4066,9,-56,-37
-367,479,4088,10,-60,-39
-367,496,4056,3,-48,-41
-347,499,4056,7,-50,-39
-347,485,4060,9,-55,-35
-379,482,4146,2,-26,-38
-365,481,4123,0,-28,-37
-329,480,4094,0,-30,-36
-314,477,4200,5,-76,-38
-324,480,4212,8,-63,-36
-344,494,4193,4,-47,-36
-350,416,4122,6,-92,-29
-332,425,4121,4,-96,-31
-315,450,4157,3,-89,-40
-235,453,4124,5,-127,-23
-278,462,4165,5,-122,-27
-339,411,4202,5,-96,-27
-167,384,4013,-7,-107,-4
-165,378,4036,-3,-117,-5
-198,409,4086,3,-127,-14
-279,544,4060,-24,0,24
-243,534,4038,-14,-30,10
-199,484,4012,-9,-60,2
-356,453,4180,-88,24,33
-355,445,4147,-85,26,34
-379,498,4103,-69,36,36
-387,544,4092,-56,-32,28
-397,540,4081,-52,1,25
-404,540,4137,-67,22,14
-416,534,4140,-38,-41,20
-399,542,4117,-53,-35,27
-387,544,4092,-56,-32,28
-417,484,4252,37,-106,-23
-431,547,4195,7,-89,-8
-426,544,4157,-14,-57,8
-339,348,4437,169,-135,-112
-358,371,4409,140,-127,-94
-379,392,4365,113,-116,-76
-388,244,4556,332,-203,-208
-366,249,4566,306,-184,-190
-285,296,4511,266,-160,-165
-308,344,4472,464,-335,-324
-314,313,4494,455,-329,-316
-338,266,4528,416,-302,-282
-519,776,4096,580,-159,-372
-487,724,4149,574,-213,-387
-409,605,4263,561,-265,-387
-620,977,3899,551,-52,-301
-607,918,3952,569,-94,-337
-558,835,4028,577,-147,-365
-448,884,3937,413,4,-144
-487,931,3926,447,5,-176
-547,985,3894,491,-3,-217
-294,672,4016,252,-64,-72
-334,714,3993,293,-45,-85
-374,768,3972,362,-16,-114
-112,545,4184,89,-192,-64
-132,554,4149,101,-181,-63
-178,578,4100,157,-132,-60
-50,564,4338,-72,-340,-130
-64,543,4300,-45,-317,-116
-73,536,4262,-18,-294,-100
-34,640,4337,-179,-410,-209
-41,594,4350,-123,-385,-167
-50,564,4338,-72,-340,-130
-211,819,4233,-342,-368,-358
-151,784,4248,-319,-368,-343
-108,753,4264,-276,-387,-306
-356,917,4152,-435,-384,-388
-341,900,4166,-410,-378,-388
-283,861,4206,-372,-369,-377
-391,944,4094,-496,-395,-345
-396,966,4095,-489,-399,-358
-391,974,4100,-468,-392,-378
-257,834,4077,-533,-249,-232
-279,841,4077,-535,-291,-248
-300,849,4076,-531,-319,-264
-171,765,4129,-508,-120,-184
-194,775,4114,-511,-136,-189
-215,793,4097,-519,-179,-204
-114,746,4267,-472,-49,-166
-145,754,4182,-497,-88,-175
-171,765,4129,-508,-120,-184
-83,685,4379,-429,-25,-187
-80,713,4372,-448,-35,-171
-89,724,4344,-455,-38,-170
-76,612,4337,-336,52,-259
-80,609,4342,-359,20,-253
-83,609,4353,-359,20,-251
-100,644,4380,-268,144,-244
-92,637,4369,-293,122,-252
-78,629,4349,-309,97,-256
-175,641,4349,-199,164,-219
-164,642,4354,-213,165,-224
-135,642,4367,-242,162,-235
-128,660,4316,-168,133,-213
-177,644,4341,-191,155,-218
-175,641,4349,-199,164,-219
21,701,4244,-103,-31,-300
36,701,4244,-105,-18,-291
51,696,4241,-117,32,-254
-22,584,4234,-91,-185,-362
-20,624,4232,-96,-136,-351
-14,651,4234,-97,-125,-346
-3,453,4284,-60,-295,-352
-10,484,4267,-73,-262,-360
-17,540,4249,-81,-227,-366
5,373,4300,-31,-328,-303
11,373,4304,-43,-327,-322
12,391,4302,-53,-315,-338
-53,422,4204,-6,-286,-214
-34,403,4232,-16,-310,-256
-22,384,4258,-22,-320,-276
-119,469,4152,5,-247,-140
-105,456,4161,3,-256,-159
-76,435,4182,-5,-281,-205
-175,524,4089,9,-176,-32
-167,520,4105,8,-192,-48
-148,505,4133,8,-217,-83
-198,491,3937,1,-59,61
-199,509,3953,5,-76,49
-200,518,3971,4,-83,42
-164,385,3852,-19,-24,93
-173,409,3871,-17,-24,93
-187,439,3898,-10,-26,89
-139,348,3756,-55,13,45
-140,350,3784,-47,-5,63
-146,356,3816,-37,-17,77
-163,320,3664,-72,58,-4
-152,321,3677,-67,47,11
-143,330,3700,-62,32,26
-199,308,3704,-90,62,-65
-195,313,3681,-84,65,-52
-191,310,3667,-84,67,-44
-219,208,3932,-108,21,-123
-219,228,3884,-106,27,-118
-213,267,3812,-102,41,-103
-198,137,4068,-114,-4,-141
-215,178,3986,-112,9,-134
-219,208,3932,-108,21,-123
-128,-20,4205,-112,-3,-131
-132,-9,4193,-112,-3,-131
-150,35,4170,-114,-13,-140
-140,-30,4213,-108,38,-103
-132,-26,4210,-108,15,-119
-128,-20,4205,-112,-3,-131
-175,21,4148,-127,109,-23
-170,15,4160,-117,100,-39
-159,9,4181,-115,100,-39
-299,213,3936,-307,-4,-63
-290,207,3943,-300,2,-58
-275,181,3954,-274,23,-40
-280,196,3949,-371,-71,-120
-288,202,3943,-366,-65,-117
-300,210,3935,-347,-43,-98
-244,225,4061,-403,-115,-196
-241,212,4040,-401,-105,-186
-231,198,4006,-398,-104,-176
-205,248,3966,-405,-138,-217
-221,247,3986,-406,-140,-206
-238,238,4039,-404,-121,-199
-243,270,4008,-361,-111,-241
-228,260,4016,-368,-112,-239
-218,250,4013,-385,-114,-235
-272,288,4012,-275,-119,-211
-270,296,4003,-290,-116,-216
-267,302,3989,-317,-113,-228
-234,214,4064,-184,-136,-164
-244,233,4048,-206,-134,-174
-257,260,4034,-229,-127,-185
-202,153,4089,-133,-157,-144
-222,186,4084,-161,-142,-155
-234,214,4064,-184,-136,-164
-145,83,4105,-48,-176,-141
-155,98,4088,-72,-174,-140
-167,109,4084,-99,-172,-136
-144,57,4129,33,-200,-164
-140,58,4125,15,-189,-161
-138,63,4124,-5,-183,-155
-148,58,4131,56,-215,-170
-150,55,4129,38,-203,-165
-144,57,4129,33,-200,-164
-132,28,4166,104,-254,-186
-135,44,4151,93,-252,-182
-134,56,4136,80,-242,-178
-112,-4,4185,124,-263,-191
-117,-3,4183,118,-263,-191
-120,4,4181,116,-259,-188
-85,-39,4176,128,-276,-196
-88,-32,4178,129,-272,-195
-96,-25,4186,128,-268,-194
-88,-113,4152,99,-308,-198
-88,-96,4157,112,-296,-199
-91,-81,4161,114,-295,-199
-62,-116,4144,42,-322,-192
-60,-132,4139,53,-322,-193
-68,-133,4140,64,-322,-192
-93,-63,4162,-11,-297,-190
-73,-92,4151,17,-314,-190
-62,-116,4144,42,-322,-192
-235,52,4136,-156,-215,-196
-224,35,4146,-127,-229,-197
-204,17,4156,-116,-231,-196
-264,89,4104,-220,-167,-172
-261,83,4109,-205,-179,-180
-249,64,4123,-165,-211,-194
-247,84,4097,-271,-100,-115
-257,88,4091,-267,-112,-125
-265,91,4086,-257,-128,-140
-173,8,4120,-268,-52,-62
-193,32,4117,-274,-63,-73
-210,58,4112,-276,-74,-84
-95,-36,4128,-240,-40,-43
-113,-28,4124,-244,-42,-47
-145,-13,4124,-259,-48,-55
-40,-94,4134,-164,-48,-42
-46,-84,4133,-178,-44,-42
-58,-70,4132,-192,-40,-42
-36,-84,4176,-55,-103,-55
-36,-96,4167,-78,-90,-54
-36,-109,4148,-110,-76,-52
-48,-36,4205,13,-80,-71
-52,-37,4209,7,-86,-70
-47,-40,4210,-10,-101,-66
-38,-35,4149,25,-47,-76
-46,-35,4172,23,-57,-75
-49,-36,4195,18,-68,-74
-7,-35,4080,-12,-40,-80
-20,-36,4086,-8,-41,-82
-31,-35,4101,7,-39,-80
36,-42,4060,-60,-57,-98
23,-36,4065,-47,-52,-93
4,-35,4075,-30,-48,-86
48,-39,4069,-88,-92,-136
47,-40,4068,-90,-86,-129
48,-39,4065,-87,-75,-120
1,-22,4094,-69,-120,-141
14,-33,4086,-80,-112,-143
30,-36,4080,-86,-104,-142
-25,2,4113,-46,-135,-129
-10,-12,4103,-63,-125,-139
1,-22,4094,-69,-120,-141
-35,4,4129,4,-131,-75
-35,7,4127,-5,-136,-83
-35,13,4122,-16,-140,-95
-35,0,4131,15,-114,-48
-35,1,4129,6,-128,-66
-35,4,4129,4,-131,-75
-36,-8,4100,24,-72,-23
-36,-8,4106,23,-75,-26
-36,-5,4121,25,-87,-29
-35,-4,4080,9,-60,-43
-35,-6,4081,7,-62,-43
-35,-12,4082,15,-63,-31
-34,16,4078,-19,-58,-95
-33,5,4078,-14,-62,-85
-33,-2,4078,-8,-62,-74
-35,55,4078,-28,-50,-117
-35,32,4081,-24,-55,-107
-34,16,4078,-19,-58,-95
-39,125,4084,-28,-11,-108
-39,117,4081,-29,-19,-113
-40,100,4081,-31,-35,-122
-31,116,4102,-22,-1,-85
-37,125,4089,-26,-8,-100
-39,125,4084,-28,-11,-108
89,49,4132,-3,13,-48
69,58,4128,-6,12,-51
33,75,4123,-13,7,-58
116,8,4132,8,0,-56
111,10,4131,7,3,-54
102,22,4132,6,8,-52
129,-8,4128,17,-35,-68
125,-8,4129,16,-31,-68
121,-3,4132,12,-16,-60
114,34,4126,24,-73,-97
122,16,4124,22,-63,-90
127,-3,4124,20,-53,-83
90,107,4128,22,-100,-119
96,96,4132,24,-96,-115
96,79,4129,24,-87,-113
80,144,4130,21,-101,-123
89,127,4129,21,-105,-121
90,107,4128,22,-100,-119
12,176,4084,22,-64,-112
26,171,4097,20,-72,-117
48,164,4116,22,-88,-122
-7,155,4084,23,-53,-91
0,175,4078,22,-59,-107
12,176,4084,22,-64,-112
56,36,4130,40,-60,-42
44,57,4123,36,-58,-49
20,90,4112,28,-53,-64
61,-23,4157,68,-63,-16
63,-23,4152,66,-65,-16
70,-16,4150,57,-64,-21
53,8,4144,89,-92,-7
57,-1,4141,87,-90,-6
61,-13,4140,83,-83,-7
26,30,4154,84,-93,-18
38,18,4147,88,-94,-10
53,8,4144,89,-92,-7
12,65,4174,53,-80,-42
21,60,4168,65,-84,-36
20,51,4161,69,-87,-33
-9,90,4190,2,-54,-40
-5,83,4186,15,-61,-44
2,74,4184,36,-70,-44
-25,90,4193,-27,-37,-32
-15,90,4190,-12,-47,-38
-9,90,4190,2,-54,-40
-36,121,4173,-86,-19,-8
-35,120,4180,-76,-20,-11
-35,115,4182,-73,-23,-12
-36,137,4169,-96,0,-20
-37,134,4169,-96,-9,-17
-36,128,4173,-92,-16,-12
-43,129,4171,-87,7,-27
-41,132,4170,-94,0,-23
-36,137,4169,-96,0,-20
-32,137,4201,-36,8,-36
-35,137,4188,-53,9,-34
-36,132,4176,-68,10,-32
-19,145,4225,-3,12,-31
-27,139,4218,-11,12,-33
-32,137,4209,-20,13,-32
20,148,4256,42,-8,-14
9,149,4249,31,0,-20
-5,150,4236,12,8,-28
49,141,4284,68,-28,1
49,144,4284,64,-26,-1
44,144,4273,57,-19,-4
54,128,4271,68,-48,-1
50,136,4279,68,-35,-1
49,141,4284,68,-28,1
44,80,4248,65,-99,-7
43,88,4248,65,-89,-4
49,105,4259,68,-77,-1
36,29,4189,65,-116,-16
35,39,4202,65,-116,-15
36,54,4222,64,-110,-12
25,14,4165,68,-124,-27
33,21,4176,69,-123,-24
34,24,4184,65,-121,-21
17,-6,4134,69,-129,-52
20,1,4137,72,-128,-47
22,4,4142,70,-130,-43
9,-31,4089,64,-115,-68
10,-31,4100,64,-121,-66
12,-25,4110,66,-123,-62
10,-35,4055,51,-107,-69
13,-35,4069,56,-111,-67
10,-34,4077,59,-114,-68
-4,-20,3996,28,-91,-67
-1,-24,4009,28,-92,-67
-1,-30,4024,37,-95,-66
-32,21,3920,-3,-36,-39
-32,12,3921,-4,-53,-51
-28,2,3934,2,-64,-58
-40,48,3925,-8,45,1
-39,44,3923,-11,10,-14
-36,36,3921,-9,-14,-26
-35,30,3958,-1,110,44
-35,40,3953,-4,96,37
-38,45,3944,-6,85,27
61,13,4109,0,161,81
48,12,4090,1,160,78
25,10,4061,3,153,74
92,25,4156,-11,152,80
87,21,4143,-9,153,80
74,16,4120,-3,160,81
134,17,4241,-27,92,59
121,17,4221,-24,116,68
111,19,4204,-22,119,70
147,18,4288,-27,50,46
140,18,4266,-27,71,53
134,17,4241,-27,92,59
108,44,4316,-8,-32,32
113,38,4315,-15,-15,34
125,24,4309,-19,1,36
65,76,4297,16,-67,21
74,71,4304,11,-64,22
84,68,4312,1,-52,26
21,89,4271,25,-78,9
46,78,4284,18,-72,16
65,76,4297,16,-67,21
-32,105,4249,40,-111,-19
-32,104,4250,38,-109,-19
-25,100,4254,35,-102,-9
-53,96,4210,42,-110,-44
-49,101,4222,42,-112,-40
-37,108,4232,42,-114,-36
-75,93,4192,45,-99,-52
-73,94,4196,43,-99,-49
-60,93,4204,41,-102,-47
-71,77,4173,45,-87,-44
-74,79,4174,42,-92,-49
-78,82,4177,42,-94,-49
-67,46,4131,32,-64,-33
-64,48,4133,33,-64,-35
-64,54,4137,38,-72,-40
-52,21,4124,24,-55,-16
-55,26,4124,24,-59,-21
-62,30,4127,26,-61,-24
-44,19,4123,16,-33,-14
-40,24,4128,20,-39,-15
-42,23,4127,20,-43,-15
-40,28,4104,1,-24,-15
-45,25,4103,1,-24,-15
-47,24,4109,9,-24,-11
-39,37,4122,-9,-23,-14
-40,34,4117,-6,-23,-15
-41,30,4109,-3,-25,-16
-35,60,4136,-16,-12,-19
-36,56,4131,-14,-17,-18
-36,53,4132,-12,-20,-16
-33,76,4138,-20,-2,-35
-34,72,4138,-20,-6,-31
-35,70,4140,-18,-10,-26
-7,68,4138,-16,-1,-51
-11,76,4137,-16,0,-47
-18,76,4134,-17,0,-47
65,12,4153,-4,-20,-59
53,20,4145,-6,-17,-60
30,37,4142,-10,-11,-57
78,1,4150,3,-31,-71
71,3,4149,-2,-24,-65
65,12,4153,-4,-20,-59
73,12,4177,8,-76,-108
74,7,4173,8,-65,-102
76,4,4173,9,-55,-92
54,30,4181,-1,-82,-119
63,23,4177,0,-82,-118
70,18,4176,2,-82,-116
44,59,4181,-7,-80,-118
49,43,4184,-5,-83,-121
54,30,4181,-1,-82,-119
29,120,4181,-15,-63,-99
32,107,4179,-17,-65,-99
36,88,4176,-12,-70,-106
30,132,4184,-31,-60,-80
28,137,4184,-28,-60,-84
27,129,4182,-23,-61,-91
57,116,4193,-43,-84,-55
55,120,4187,-44,-80,-58
49,125,4184,-43,-74,-64
21,96,4177,-35,-99,-39
26,99,4185,-41,-96,-46
38,106,4190,-43,-92,-50
2,68,4159,-10,-107,-4
9,69,4160,-20,-107,-19
10,73,4161,-22,-106,-22
-3,84,4160,12,-105,31
-6,73,4158,2,-107,12
2,68,4159,-10,-107,-4
3,120,4179,35,-97,91
4,113,4176,36,-95,85
7,106,4171,29,-98,67
5,138,4205,37,-101,120
2,132,4192,36,-98,102
3,120,4179,35,-97,91
0,121,4252,41,-128,169
9,125,4240,39,-123,162
12,133,4230,38,-115,147
-35,49,4385,97,-216,289
-35,61,4367,91,-211,278
-33,76,4350,72,-192,250
-60,41,4401,212,-284,420
-53,39,4403,199,-279,408
-40,40,4408,167,-265,371
-60,96,4257,420,-311,585
-64,84,4281,368,-313,558
-63,69,4316,317,-311,517
-24,229,4065,565,-280,552
-33,212,4086,552,-286,566
-41,173,4124,513,-298,595
13,268,4025,601,-284,448
4,261,4030,594,-282,477
-15,248,4046,571,-282,539
54,264,4026,608,-323,266
42,260,4019,609,-303,341
26,263,4017,606,-291,395
157,236,4053,573,-352,77
133,241,4033,583,-351,113
104,252,4021,593,-351,152
249,173,4128,472,-307,-120
235,178,4121,480,-313,-106
211,199,4104,520,-329,-48
353,185,4139,312,-279,-231
317,180,4141,369,-284,-207
295,176,4139,369,-286,-209
429,190,4180,183,-241,-244
394,185,4147,249,-265,-244
353,185,4139,312,-279,-231
444,252,4264,-87,-184,-191
439,243,4254,-22,-194,-209
440,223,4237,31,-201,-222
458,268,4258,-236,-164,-128
453,266,4271,-167,-175,-161
445,260,4271,-105,-182,-185
416,272,4193,-340,-147,-51
435,270,4211,-325,-149,-68
453,269,4232,-308,-152,-84
338,314,4080,-400,-127,58
357,297,4129,-386,-140,10
387,279,4164,-364,-145,-29
257,405,3964,-400,-68,200
274,387,3987,-403,-77,181
300,369,4013,-404,-100,133
194,448,3862,-360,40,458
195,444,3877,-370,21,409
204,438,3906,-378,2,360
220,432,3828,-264,297,920
205,440,3824,-286,211,786
193,444,3831,-310,139,669
270,370,3912,-238,704,1434
270,382,3874,-241,515,1195
256,398,3848,-248,410,1068
220,365,4020,-267,1009,1893
235,366,3990,-257,935,1772
256,368,3945,-240,744,1488
229,333,4036,-347,1276,2628
208,343,4047,-327,1235,2451
190,360,4052,-292,1128,2142
226,259,4016,-384,1247,2963
245,288,4016,-372,1281,2832
242,312,4023,-361,1278,2729
89,353,4188,-363,924,3337
121,267,4130,-369,949,3316
155,201,4063,-388,1060,3226
-468,469,4344,-196,789,3681
-420,540,4355,-240,767,3609
-344,589,4360,-272,769,3544
-152,10,4144,-42,1008,3904
-282,127,4213,-95,920,3834
-404,252,4278,-144,848,3764
361,-581,3944,175,1359,4016
239,-390,3949,88,1237,4025
133,-260,3989,69,1208,4020
-20,-603,4273,300,1100,3377
83,-713,4216,289,1246,3582
219,-778,4131,271,1345,3756
-368,190,4278,274,359,2555
-316,-7,4308,284,568,2761
-256,-170,4317,287,637,2838
-319,548,3904,228,-255,1973
-340,566,3973,230,-225,2002
-374,539,4107,236,-134,2096
-226,391,3774,239,-358,1840
-293,504,3842,224,-329,1890
-319,548,3904,228,-255,1973
42,-7,3620,330,-201,1864
-38,103,3658,294,-278,1841
-87,184,3688,285,-295,1836
-52,-16,3684,444,-91,1953
6,-64,3659,425,-73,1938
68,-106,3623,397,-83,1915
-351,408,3820,464,-332,1976
-278,296,3797,460,-243,1971
-206,190,3760,456,-156,1964
-483,568,3864,471,-434,1983
-413,491,3831,466,-385,1980
-351,408,3820,464,-332,1976
-576,622,4100,531,-459,2022
-579,628,4045,508,-471,2004
-567,620,3983,503,-472,2001
-514,576,4272,605,-388,2069
-550,593,4191,565,-433,2048
-576,622,4100,531,-459,2022
-280,664,4408,722,-132,2186
-354,653,4393,713,-158,2173
-443,618,4366,690,-238,2134
0,468,4276,708,473,2589
-19,503,4284,743,402,2521
-51,566,4319,755,320,2458
9,384,4284,484,489,2532
28,382,4274,533,500,2569
40,393,4264,631,509,2619
-267,596,4356,113,316,2013
-204,533,4348,147,331,2064
-101,452,4323,278,391,2262
-796,1093,4136,-368,24,1364
-785,1078,4171,-368,24,1362
-725,994,4255,-269,80,1458
-740,989,4053,-516,120,1348
-764,1031,4063,-494,47,1321
-792,1081,4100,-445,14,1321
-564,565,4076,-464,400,1452
-599,645,4061,-501,305,1425
-655,788,4044,-518,207,1388
-405,303,4121,-397,482,1418
-511,450,4096,-455,414,1448
-564,565,4076,-464,400,1452
-137,194,4178,-279,437,1111
-209,184,4161,-318,496,1276
-298,211,4137,-361,503,1372
-121,536,4195,-219,114,591
-92,428,4196,-227,208,709
-77,348,4196,-236,262,793
-191,887,4180,-195,-136,353
-159,702,4196,-209,-15,453
-121,536,4195,-219,114,591
-303,1229,3989,-95,-300,317
-290,1204,4027,-105,-299,308
-256,1137,4094,-135,-289,287
-314,1082,3788,58,-202,517
-307,1148,3820,4,-259,448
-308,1199,3853,4,-259,446
-372,728,3824,216,-20,588
-358,812,3797,164,-68,597
-331,961,3775,112,-134,573
-296,473,4017,304,-64,388
-320,489,3975,291,-40,454
-361,553,3913,263,-16,528
-227,473,4189,305,-148,169
-232,467,4140,306,-127,222
-266,466,4064,305,-76,359
-284,580,4306,222,-248,-78
-270,544,4302,247,-231,-31
-253,518,4274,284,-190,68
-335,768,4294,106,-169,-154
-316,733,4301,141,-204,-147
-306,695,4302,149,-215,-143
-414,846,4204,-30,-14,-94
-416,846,4228,-10,-37,-107
-402,834,4256,10,-58,-120
-376,769,4165,-107,100,-19
-389,794,4168,-88,65,-39
-404,830,4185,-63,25,-66
-323,689,4128,-123,148,-16
-339,699,4131,-122,142,-15
-349,718,4138,-118,126,-12
-188,660,4121,-127,176,-47
-225,662,4118,-127,173,-32
-272,673,4121,-127,173,-32
-75,702,4136,-124,176,-130
-86,684,4130,-125,183,-110
-112,664,4124,-126,184,-76
-96,896,4189,-136,128,-156
-87,874,4189,-136,128,-159
-83,830,4181,-131,138,-168
-160,857,4189,-136,120,-72
-153,874,4188,-139,119,-82
-133,897,4187,-142,120,-105
-168,685,4188,-110,91,-16
-167,746,4188,-122,104,-25
-163,785,4185,-131,116,-44
-152,600,4124,-56,41,-56
-155,598,4131,-70,52,-43
-161,608,4146,-83,63,-29
-155,660,4128,-35,-8,-72
-156,647,4123,-42,10,-72
-150,622,4116,-50,26,-68
-131,697,4173,-11,-72,-47
-129,695,4167,-15,-69,-53
-134,695,4156,-21,-58,-62
-156,674,4195,-8,-75,-45
-139,692,4181,-11,-72,-46
-131,697,4173,-11,-72,-47
-205,600,4184,-12,-122,-76
-201,619,4188,-11,-107,-67
-188,640,4196,-9,-93,-57
-261,551,4147,-35,-165,-136
-236,560,4156,-24,-152,-112
-222,570,4157,-24,-150,-109
-307,532,4133,-60,-183,-167
-291,538,4137,-45,-176,-151
-261,551,4147,-35,-165,-136
-325,526,4110,-95,-164,-149
-323,524,4119,-88,-174,-158
-318,526,4128,-80,-180,-166
-350,541,4077,-119,-127,-100
-352,545,4085,-115,-132,-108
-351,537,4086,-109,-145,-126
-336,546,4071,-128,-110,-75
-346,542,4070,-125,-118,-85
-350,541,4077,-119,-127,-100
-332,560,4049,-132,-79,-87
-334,555,4056,-135,-83,-84
-335,553,4064,-136,-92,-73
-331,577,4026,-117,2,-151
-327,576,4028,-124,-18,-138
-325,573,4034,-127,-31,-131
-309,545,4048,-88,22,-172
-326,571,4031,-106,16,-162
-331,577,4026,-117,2,-151
-244,496,4072,-57,22,-185
-280,519,4061,-71,23,-180
-309,545,4048,-88,22,-172
-112,517,4122,23,13,-203
-119,496,4120,20,25,-203
-124,477,4113,13,32,-201
-106,568,4131,17,-55,-198
-96,573,4132,21,-40,-196
-99,566,4129,24,-29,-200
-175,476,4113,1,-116,-200
-165,493,4122,3,-102,-199
-140,524,4130,8,-87,-197
-217,434,4073,0,-139,-193
-200,449,4092,0,-132,-196
-189,459,4105,0,-124,-199
-279,382,4024,11,-142,-154
-263,392,4045,8,-143,-168
-256,398,4050,5,-145,-173
-319,428,3938,16,-122,-138
-311,398,3953,16,-127,-140
-308,380,3968,16,-132,-142
-335,521,3940,5,-111,-140
-333,497,3930,8,-121,-139
-327,458,3932,13,-121,-137
-325,558,3992,-10,-104,-168
-327,565,3979,-10,-106,-162
-330,563,3963,-7,-107,-154
-324,461,4032,4,-104,-199
-326,480,4028,-1,-105,-193
-323,507,4022,-8,-104,-185
-316,412,4043,32,-105,-211
-323,441,4035,16,-106,-206
-324,461,4032,4,-104,-199
-264,377,4064,93,-84,-208
-271,380,4066,87,-89,-210
-289,383,4067,74,-99,-212
-236,445,4013,104,-83,-175
-238,416,4016,113,-74,-183
-241,384,4028,115,-66,-190
-253,526,4010,62,-118,-169
-250,509,4008,72,-113,-170
-242,486,4004,90,-96,-172
-308,561,4016,0,-124,-179
-297,559,4014,8,-127,-179
-277,552,4016,28,-128,-175
-363,602,4044,-18,-104,-192
-357,593,4032,-18,-112,-190
-348,578,4026,-10,-120,-184
-360,673,4093,2,-35,-196
-367,661,4088,-8,-60,-195
-372,642,4082,-12,-69,-197
-350,691,4122,38,26,-204
-353,691,4112,32,20,-199
-353,690,4104,26,14,-194
-318,704,4131,64,41,-236
-340,697,4127,50,36,-217
-350,691,4122,38,26,-204
-232,737,4153,77,65,-271
-243,733,4146,77,61,-268
-261,724,4136,78,56,-260
-150,786,4218,65,80,-293
-167,769,4201,68,76,-288
-181,757,4188,74,72,-284
-71,840,4289,41,105,-308
-86,834,4277,46,99,-306
-118,813,4248,56,89,-299
-8,795,4343,21,121,-340
-27,816,4333,24,120,-331
-39,831,4323,28,116,-326
120,585,4357,36,88,-372
96,628,4361,32,93,-370
54,694,4365,25,110,-361
180,487,4320,57,36,-374
141,547,4342,45,63,-376
120,585,4357,36,88,-372
248,376,4212,102,-86,-313
247,389,4250,94,-56,-333
238,416,4282,86,-28,-350
236,377,4139,108,-159,-257
244,370,4176,107,-118,-292
248,376,4212,102,-86,-313
108,442,4039,83,-261,-143
153,425,4061,89,-247,-159
178,408,4077,99,-218,-194
-57,508,3966,42,-322,-74
-27,495,3981,50,-315,-82
2,478,3994,64,-298,-104
-145,551,3957,34,-318,-73
-92,523,3955,39,-322,-73
-57,508,3966,42,-322,-74
-331,637,4024,36,-259,-103
-307,628,4009,33,-264,-102
-261,612,3991,29,-285,-91
-391,616,4100,80,-192,-140
-393,626,4092,78,-194,-142
-385,640,4072,58,-216,-132
-374,559,4120,130,-132,-153
-384,594,4109,100,-167,-147
-391,616,4100,80,-192,-140
-360,461,4124,209,-56,-167
-364,473,4127,192,-69,-163
-366,494,4130,178,-82,-160
-300,504,4052,209,-3,-151
-307,484,4054,215,-10,-154
-312,469,4069,220,-15,-156
-268,594,4064,148,-2,-156
-284,570,4056,166,-2,-153
-291,546,4046,182,-1,-152
-163,645,4125,64,41,-155
-180,645,4117,69,35,-157
-199,640,4105,92,21,-159
-40,529,4193,-27,69,-112
-48,537,4183,-25,80,-119
-68,564,4164,-15,84,-127
-35,493,4221,-28,21,-103
-36,496,4217,-30,37,-105
-37,502,4208,-29,54,-105
-28,544,4196,-23,-3,-75
-27,534,4202,-24,-4,-82
-32,516,4214,-25,4,-95
-35,608,4148,-39,1,-19
-35,600,4157,-35,-1,-29
-34,581,4174,-29,-3,-48
-36,621,4073,-68,8,24
-35,624,4085,-67,8,21
-35,625,4107,-57,5,9
-37,615,4048,-86,-5,40
-36,620,4064,-79,7,34
-36,621,4073,-68,8,24
-75,572,4002,-90,-68,26
-60,579,4010,-91,-57,31
-49,590,4018,-92,-44,36
-128,556,4009,-56,-135,-11
-115,558,4006,-70,-117,-3
-95,565,4000,-82,-93,11
-235,572,3998,-9,-163,-35
-207,562,4001,-23,-160,-29
-173,558,4008,-36,-152,-24
-306,616,4012,43,-140,-50
-295,617,4004,37,-151,-51
-288,612,4000,26,-157,-51
-339,568,4053,89,-56,-44
-337,573,4045,87,-64,-46
-340,583,4035,81,-81,-46
-313,521,4065,82,-24,-67
-323,539,4062,89,-34,-58
-332,559,4058,91,-46,-50
-284,505,4080,36,0,-100
-288,494,4082,53,-7,-93
-288,489,4077,63,-11,-86
-291,592,4066,0,10,-98
-291,568,4069,10,5,-101
-290,542,4076,20,2,-102
-291,669,4097,-36,45,-70
-292,657,4093,-32,41,-72
-293,647,4085,-21,26,-86
-315,672,4092,-48,85,-60
-310,677,4093,-47,81,-60
-298,688,4094,-46,70,-60
-314,647,4089,-41,90,-83
-322,664,4093,-46,88,-70
-315,672,4092,-48,85,-60
-264,584,4049,-12,89,-136
-272,589,4058,-16,90,-131
-276,593,4069,-24,93,-116
-251,581,4013,9,80,-156
-254,580,4020,7,82,-156
-263,582,4035,-1,88,-149
-250,658,4004,32,42,-166
-249,636,4004,28,49,-167
-245,610,4010,24,56,-168
-259,757,4072,28,12,-148
-256,743,4055,29,16,-153
-253,721,4031,31,21,-157
-259,755,4111,20,15,-150
-257,762,4089,25,13,-150
-259,757,4072,28,12,-148
-252,656,4133,25,20,-155
-250,669,4132,23,20,-156
-249,700,4132,19,18,-153
-280,606,4123,50,14,-170
-271,618,4127,41,17,-166
-261,638,4130,31,19,-161
-282,590,4131,71,4,-171
-283,597,4129,65,8,-171
-283,599,4127,58,11,-172
-273,568,4130,92,-6,-150
-276,569,4130,90,-8,-154
-275,574,4130,90,-8,-158
-248,592,4137,80,-12,-99
-255,585,4136,86,-9,-114
-267,580,4138,93,-3,-128
-239,613,4143,64,-27,-80
-241,599,4135,77,-16,-95
-248,592,4137,80,-12,-99
-237,682,4162,0,-60,-54
-237,663,4158,19,-55,-55
-239,644,4152,38,-46,-62
-281,739,4176,-54,-69,-70
-272,732,4177,-39,-64,-64
-258,720,4174,-31,-64,-60
-300,721,4156,-80,-84,-99
-294,732,4166,-76,-82,-93
-290,744,4176,-68,-76,-82
-315,656,4133,-80,-124,-171
-314,662,4134,-81,-122,-166
-308,681,4139,-85,-111,-145
-360,639,4130,-32,-219,-345
-355,637,4128,-44,-191,-291
-348,634,4126,-46,-191,-293
-382,636,4131,-6,-297,-488
-371,636,4133,-8,-288,-468
-367,638,4132,-20,-251,-402
-459,596,4137,8,-424,-748
-436,613,4132,5,-369,-639
-405,632,4131,1,-336,-570
-592,537,4280,4,-807,-1684
-572,503,4254,6,-775,-1565
-555,484,4233,8,-743,-1443
-716,921,4317,-35,-919,-2420
-696,839,4329,-32,-912,-2363
-655,701,4333,-15,-882,-2130
-639,1397,4072,-88,-884,-2839
-690,1321,4123,-84,-892,-2817
-730,1179,4205,-70,-919,-2712
-409,1505,3946,-100,-795,-2921
-574,1451,4023,-97,-842,-2893
-639,1397,4072,-88,-884,-2839
78,1398,3808,-88,-796,-3017
-22,1435,3830,-93,-777,-2976
-138,1480,3864,-98,-764,-2948
380,1293,3872,-63,-916,-3304
316,1321,3836,-77,-859,-3160
188,1363,3807,-83,-824,-3079
574,1066,4130,-18,-1204,-3930
557,1129,4071,-32,-1121,-3752
504,1202,3996,-50,-994,-3480
299,815,4394,46,-1506,-4605
431,896,4291,18,-1388,-4329
535,989,4202,-6,-1265,-4062
116,549,4644,112,-1703,-5284
138,615,4588,104,-1692,-5218
160,684,4536,85,-1652,-5019
-8,428,4754,156,-1762,-5876
3,437,4757,152,-1747,-5802
40,462,4738,148,-1732,-5728
165,518,4695,105,-1796,-5880
84,462,4724,135,-1815,-5956
41,445,4724,152,-1796,-5951
331,813,4223,-9,-1592,-5497
313,716,4456,61,-1724,-5724
259,624,4588,61,-1726,-5726
439,1123,3859,-625,-656,-4097
440,1136,3829,-515,-767,-4343
435,1099,3846,-320,-1050,-4796
469,709,3833,-1348,-296,-2356
464,778,3841,-1251,-318,-2593
461,898,3878,-1102,-358,-2957
488,519,4028,-1754,-162,-1257
501,560,3967,-1677,-206,-1483
492,602,3904,-1582,-239,-1742
368,369,4081,-1859,-21,-877
444,461,4071,-1806,-112,-1087
488,519,4028,-1754,-162,-1257
436,20,3900,-1804,132,-799
396,55,3936,-1804,130,-799
337,138,3998,-1848,98,-771
625,-35,3798,-1655,145,-939
506,-5,3858,-1737,145,-861
436,20,3900,-1804,132,-799
444,-210,3779,-1342,-19,-1280
464,-151,3833,-1371,20,-1256
507,-119,3842,-1472,118,-1150
505,-495,3865,-839,-688,-1439
480,-460,3775,-949,-566,-1434
457,-398,3702,-1125,-329,-1401
616,-475,4265,-564,-776,-1423
585,-498,4182,-632,-779,-1430
533,-509,3986,-768,-735,-1439
476,-356,4265,-220,-320,-1319
552,-376,4320,-273,-413,-1340
632,-411,4354,-356,-547,-1371
188,-112,3760,69,-107,-1111
210,-168,3840,46,-109,-1134
283,-264,4011,-43,-133,-1215
178,240,3576,226,-221,-662
173,133,3584,206,-200,-811
172,40,3622,190,-182,-882
200,445,3643,212,-193,-390
183,344,3599,228,-220,-547
178,240,3576,226,-221,-662
393,497,3772,108,-7,52
346,522,3754,119,-26,13
290,536,3726,152,-84,-104
525,252,3864,-12,165,424
499,320,3836,3,146,372
469,388,3812,20,128,321
608,-33,3986,-48,134,590
584,34,3947,-48,155,568
564,108,3918,-34,174,508
702,-251,4138,-9,19,566
681,-212,4116,-23,52,585
662,-171,4085,-33,71,591
768,-326,4226,52,-41,472
740,-298,4186,16,-16,529
702,-251,4138,-9,19,566
700,-335,4293,141,-40,292
723,-345,4290,139,-40,292
758,-349,4280,112,-41,355
489,-199,4313,204,-148,24
520,-226,4312,196,-110,92
582,-276,4310,183,-77,157
391,-143,4282,196,-180,-55
450,-174,4304,201,-155,8
489,-199,4313,204,-148,24
212,-89,4174,136,-212,-228
248,-99,4199,154,-205,-197
290,-109,4226,176,-202,-152
28,-84,4096,69,-199,-219
45,-81,4103,71,-202,-224
87,-77,4117,92,-213,-245
4,-88,4052,33,-123,-83
0,-87,4056,36,-132,-96
2,-85,4064,47,-161,-147
92,-53,4070,-12,-28,98
68,-61,4064,-3,-42,68
34,-72,4052,6,-54,38
240,8,4125,-132,65,249
229,-2,4118,-106,51,239
212,-12,4112,-104,53,241
247,42,4132,-162,79,242
251,22,4128,-145,71,247
240,8,4125,-132,65,249
240,70,4160,-201,89,195
241,72,4140,-195,89,212
247,65,4134,-181,85,227
288,-10,4209,-202,82,69
273,12,4212,-208,77,100
261,35,4204,-211,79,121